Date,Time,Surname,Name,Email,Phone,Message,Seats,Confirmed,Cancelled
2014-02-15,01:30:00,sdfdsf,daniela,d.romeo@wachipi.com,wachipi,sdfsdf,1,NO,NO
2014-02-15,02:00:00,sdfdsf,daniela,d.romeo@wachipi.com,wachipi,sdfsdf,1,NO,NO
2014-02-15,02:30:00,sdfdsf,daniela,d.romeo@wachipi.com,wachipi,sdfsdf,1,NO,NO
2014-02-22,01:00:00,sdfdsf,daniela,d.romeo@wachipi.com,wachipi,sdfsdf,1,NO,NO
2014-02-22,01:30:00,sdfdsf,daniela,d.romeo@wachipi.com,wachipi,sdfsdf,1,NO,NO
2014-02-22,02:00:00,sdfdsf,daniela,d.romeo@wachipi.com,wachipi,sdfsdf,1,NO,NO
2014-02-22,02:30:00,sdfdsf,daniela,d.romeo@wachipi.com,wachipi,sdfsdf,1,NO,NO
2014-02-22,03:00:00,sdfdsf,daniela,d.romeo@wachipi.com,wachipi,sdfsdf,1,NO,NO
2014-02-22,03:30:00,sdfdsf,daniela,d.romeo@wachipi.com,wachipi,sdfsdf,1,NO,NO
2014-02-27,01:00:00,sdfdsf,daniela,d.romeo@wachipi.com,wachipi,sdfsdf,1,NO,NO
2014-02-27,01:30:00,sdfdsf,daniela,d.romeo@wachipi.com,wachipi,sdfsdf,1,NO,NO
2014-02-27,02:00:00,sdfdsf,daniela,d.romeo@wachipi.com,wachipi,sdfsdf,1,NO,NO
2014-02-27,02:30:00,sdfdsf,daniela,d.romeo@wachipi.com,wachipi,sdfsdf,1,NO,NO
2014-02-27,03:00:00,sdfdsf,daniela,d.romeo@wachipi.com,wachipi,sdfsdf,1,NO,NO
2014-02-27,03:30:00,sdfdsf,daniela,d.romeo@wachipi.com,wachipi,sdfsdf,1,NO,NO
2014-02-28,04:00:00,sdfdsf,daniela,d.romeo@wachipi.com,wachipi,sdfsdf,1,NO,NO
2014-02-28,04:30:00,sdfdsf,daniela,d.romeo@wachipi.com,wachipi,sdfsdf,1,NO,NO
2014-02-28,05:00:00,sdfdsf,daniela,d.romeo@wachipi.com,wachipi,sdfsdf,1,NO,NO
2014-02-28,05:30:00,sdfdsf,daniela,d.romeo@wachipi.com,wachipi,sdfsdf,1,NO,NO
2014-02-28,06:00:00,sdfdsf,daniela,d.romeo@wachipi.com,wachipi,sdfsdf,1,NO,NO
2014-02-26,01:00:00,sdfdsf,daniela,d.romeo@wachipi.com,wachipi,sdfsdf,1,NO,NO
2014-02-26,01:30:00,sdfdsf,daniela,d.romeo@wachipi.com,wachipi,sdfsdf,1,NO,NO
2014-02-26,02:00:00,sdfdsf,daniela,d.romeo@wachipi.com,wachipi,sdfsdf,1,NO,NO
2014-02-26,02:30:00,sdfdsf,daniela,d.romeo@wachipi.com,wachipi,sdfsdf,1,NO,NO
2014-02-26,03:00:00,sdfdsf,daniela,d.romeo@wachipi.com,wachipi,sdfsdf,1,NO,NO
2014-02-26,03:30:00,sdfdsf,daniela,d.romeo@wachipi.com,wachipi,sdfsdf,1,NO,NO
2014-02-19,01:00:00,sdfdsf,daniela,d.romeo@wachipi.com,wachipi,sdfsdf,1,NO,NO
2014-02-19,01:30:00,sdfdsf,daniela,d.romeo@wachipi.com,wachipi,sdfsdf,1,NO,NO
2014-02-19,02:00:00,sdfdsf,daniela,d.romeo@wachipi.com,wachipi,sdfsdf,1,NO,NO
2014-02-19,02:30:00,sdfdsf,daniela,d.romeo@wachipi.com,wachipi,sdfsdf,1,NO,NO
2014-02-19,03:00:00,sdfdsf,daniela,d.romeo@wachipi.com,wachipi,sdfsdf,1,NO,NO
2014-02-19,03:30:00,sdfdsf,daniela,d.romeo@wachipi.com,wachipi,sdfsdf,1,NO,NO
2014-02-27,04:00:00,sdfdsf,daniela,d.romeo@wachipi.com,wachipi,sdfsdf,1,NO,NO
2014-02-27,04:30:00,sdfdsf,daniela,d.romeo@wachipi.com,wachipi,sdfsdf,1,NO,NO
2014-02-27,05:00:00,sdfdsf,daniela,d.romeo@wachipi.com,wachipi,sdfsdf,1,NO,NO
2014-02-27,05:30:00,sdfdsf,daniela,d.romeo@wachipi.com,wachipi,sdfsdf,1,NO,NO
2014-02-27,06:00:00,sdfdsf,daniela,d.romeo@wachipi.com,wachipi,sdfsdf,1,NO,NO
2014-02-27,06:30:00,sdfdsf,daniela,d.romeo@wachipi.com,wachipi,sdfsdf,1,NO,NO
2014-02-15,03:00:00,sdfdsf,daniela,d.romeo@wachipi.com,wachipi,hjkjkhjk,1,NO,NO
2014-02-15,03:30:00,sdfdsf,daniela,d.romeo@wachipi.com,wachipi,hjkjkhjk,1,NO,NO
2014-02-21,01:00:00,sdfdsf,daniela,d.romeo@wachipi.com,wachipi,hjkjkhjk,1,NO,NO
2014-02-21,01:30:00,sdfdsf,daniela,d.romeo@wachipi.com,wachipi,hjkjkhjk,1,NO,NO
2014-02-22,04:30:00,sdfdsf,daniela,danyromy84@hotmail.com,wachipi,hjkjkhjk,1,NO,NO
2014-02-22,05:00:00,sdfdsf,daniela,danyromy84@hotmail.com,wachipi,hjkjkhjk,1,NO,NO
2014-02-22,05:30:00,sdfdsf,daniela,danyromy84@hotmail.com,wachipi,hjkjkhjk,1,NO,YES
2014-03-26,01:00:00,sdfdsf,daniela,d.romeo@wachipi.com,wachipi,sdfdsfs,1,NO,NO
2014-03-26,01:30:00,sdfdsf,daniela,d.romeo@wachipi.com,wachipi,sdfdsfs,1,NO,NO
